"stop_name","line"
"Bremen Kurfürstenallee","1"
"Bremen Neuwieder Straße","1"
"Bremen Schüsselkorb","1"
"Bremen Kurt-Huber-Straße","1"
"Bremen Weserpark","1"
"Bremen Am Wall","1"
"Bremen Am Neuen Markt","1"
"Bremen Bf Mahndorf","1"
"Bremen Rembertistraße","1"
"Bremen Erkelenzer Straße","1"
"Bremen Duckwitzstraße","1"
"Bremen Am Brill (Bgm.-Smidt-Straße)","1"
"Bremen Hollerallee","1"
"Bremen Norderländer Straße","1"
"Bremen Werner-Steenken-Straße","1"
"Bremen Domsheide","1"
"Bremen Roland-Center","1"
"Bremen Neuenlander Straße","1"
"Bremen Kirchbachstraße","1"
"Bremen Parkstraße","1"
"Bremen Carl-Goerdeler-Straße","1"
"Bremen Wilhelm-Kaisen-Brücke","1"
"Bremen Osterholzer Landstraße","1"
"Bremen Am Dobben","1"
"Bremen Solinger Straße","1"
"Bremen Schleiermacherstraße","1"
"Bremen Düsseldorfer Straße","1"
"Bremen Mülheimer Straße","1"
"Bremen Wilhelm-Leuschner-Straße","1"
"Bremen Gastfeldstraße","1"
"Bremen Berliner Freiheit","1"
"Bremen Engadiner Straße","1"
"Bremen BSAG-Zentrum","1"
"Bremen Tenever-Zentrum","1"
"Bremen Metzer Straße","1"
"Bremen Hochschule Bremen","1"
"Bremen Schweizer Eck","1"
"Bremen Ellenerbrokstraße","1"
"Bremen Bardenflethstraße","1"
"Bremen Graubündener Straße","1"
"Bremen St. Joseph-Stift","1"
"Bremen Teneverstraße","1"
"Bremen Westerstraße","1"
"Bremen Weserpark-Süd","1"
"Bremen Polizeipräsidium","1"
"Bremen Pappelstraße","1"
"Bremen Barbarossastraße","1"
"Bremen Hauptbahnhof","1"
"Bremen Julius-Brecht-Allee","1"
"Bremen Theater am Leibnizplatz","1"
"Bremen Herdentor","1"
"Bremen Dietrich-Bonhoeffer-Straße","1"
"Bremen Nußhorn","1"
"Bremen Weserwehr","10"
"Bremen Bahnhof Walle","10"
"Bremen Berufsbildungswerk","10"
"Bremen Kurfürstenallee","10"
"Bremen Trinidadstraße","10"
"Bremen Altenescher Straße","10"
"Bremen Hauptbahnhof-Nord/Messe","10"
"Bremen Wätjenstraße","10"
"Bremen Kirchbachstraße","10"
"Bremen Riensberg","10"
"Bremen Haferkamp","10"
"Bremen Am Stern","10"
"Bremen Metzer Straße","10"
"Bremen Daniel-von-Büren-Straße","10"
"Bremen Humboldtstraße","10"
"Bremen Föhrenstraße","10"
"Bremen Barbarossastraße","10"
"Bremen Universität-Süd","10"
"Bremen H.-H.-Meier-Allee","10"
"Bremen Rembertistraße","10"
"Bremen St. Joseph-Stift","10"
"Bremen Polizeipräsidium","10"
"Bremen Bennigsenstraße","10"
"Bremen Bei den Drei Pfählen","10"
"Bremen Parkstraße","10"
"Bremen Doventorsteinweg","10"
"Bremen Lindenhofstraße","10"
"Bremen Herdentor","10"
"Bremen Brahmsstraße","10"
"Bremen Ludwig-Quidde-Straße","10"
"Bremen Hauptbahnhof","10"
"Bremen Ulrichsplatz","10"
"Bremen Am Hulsberg","10"
"Bremen Wilhelm-Leuschner-Straße","10"
"Bremen Waller Straße","10"
"Bremen Gröpelingen","10"
"Bremen Hohwisch","10"
"Bremen Malerstraße","10"
"Bremen Lise-Meitner-Straße","10"
"Bremen Am Dobben","10"
"Bremen Utbremer Straße","10"
"Bremen Sielwall","10"
"Bremen Falkenstraße","10"
"Bremen Bahnhof Sebaldsbrück","10"
"Bremen Gustavstraße","10"
"Bremen Sebaldsbrück (Bus+Tram)","10"
"Bremen Joseph-Haydn-Straße","10"
"Bremen Kurt-Huber-Straße","10"
"Bremen Carl-Goerdeler-Straße","10"
"Bremen Dietrich-Bonhoeffer-Straße","10"
"Bremen Schüsselkorb","10"
"Bremen Schloßparkstraße","10"
"Bremen Waller Friedhof","10"
"Bremen Berliner Freiheit","10"
"Bremen Obernstraße","10"
"Bremen St.-Jürgen-Straße","10"
"Bremen Wartburgstraße","10"
"Bremen Emmastraße","10"
"Bremen Universität/Zentralbereich","10"
"Bremen Brunnenstraße","10"
"Bremen Georg-Bitter-Straße","10"
"Bremen Universität-Nord","10"
"Bremen Julius-Brecht-Allee","10"
"Bremen Moorstraße","10"
"Bremen Hansestraße","10"
"Bremen Hollerallee","10"
"Bremen Falkenstraße","10E"
"Bremen Daniel-von-Büren-Straße","10E"
"Bremen Wartburgstraße","10E"
"Bremen Hansestraße","10E"
"Bremen Waller Straße","10E"
"Bremen Waller Friedhof","10E"
"Bremen Am Dobben","10E"
"Bremen Haferkamp","10E"
"Bremen Hauptbahnhof","10E"
"Bremen Humboldtstraße","10E"
"Bremen Utbremer Straße","10E"
"Bremen Doventorsteinweg","10E"
"Bremen Rembertistraße","10E"
"Bremen Gustavstraße","10E"
"Bremen Bahnhof Walle","10E"
"Bremen Rembertistraße","1E"
"Bremen Gustavstraße","1E"
"Bremen Wartburgstraße","1E"
"Bremen Arsten","1E"
"Bremen Wilhelm-Kaisen-Brücke","1E"
"Lilienthal Kutscher Behrens","1E"
"Lilienthal Auf dem Kamp","1E"
"Bremen Kurfürstenallee","1E"
"Bremen Doventorsteinweg","1E"
"Bremen Pappelstraße","1E"
"Bremen Metzer Straße","1E"
"Bremen Dietrich-Bonhoeffer-Straße","1E"
"Bremen Wilhelm-Leuschner-Straße","1E"
"Bremen Georg-Bitter-Straße","1E"
"Bremen Duckwitzstraße","1E"
"Bremen Focke-Museum","1E"
"Bremen Kattenturm-Mitte","1E"
"Bremen Tenever-Zentrum","1E"
"Bremen Theater am Goetheplatz","1E"
"Bremen Theater am Leibnizplatz","1E"
"Bremen Brunnenstraße","1E"
"Bremen Humboldtstraße","1E"
"Bremen Horn (Horner Kirche)","1E"
"Bremen Roland-Center","1E"
"Bremen Erkelenzer Straße","1E"
"Bremen Huckelriede","1E"
"Bremen Schüsselkorb","1E"
"Bremen BSAG-Zentrum","1E"
"Bremen Weserpark-Süd","1E"
"Bremen Herdentor","1E"
"Bremen Am Dammacker","1E"
"Bremen Werner-Steenken-Straße","1E"
"Bremen Am Wall","1E"
"Bremen St.-Jürgen-Straße","1E"
"Bremen Waller Straße","1E"
"Bremen wohninvest WESERSTADION","1E"
"Bremen Am Brill (Bgm.-Smidt-Straße)","1E"
"Bremen Julius-Brecht-Allee","1E"
"Bremen Teneverstraße","1E"
"Bremen Engadiner Straße","1E"
"Bremen Nußhorn","1E"
"Bremen Hollerallee","1E"
"Bremen Rotes-Kreuz-Krankenhaus","1E"
"Bremen Utbremer Straße","1E"
"Bremen Peter-Henlein-Straße","1E"
"Bremen Am Dobben","1E"
"Bremen Kopernikusstraße","1E"
"Bremen Gastfeldstraße","1E"
"Bremen Hochschule Bremen","1E"
"Bremen Friedhofstraße","1E"
"Bremen Rosenpfad","1E"
"Bremen Carl-Goerdeler-Straße","1E"
"Bremen Schwankhalle","1E"
"Bremen Hansestraße","1E"
"Bremen Vorstraße","1E"
"Bremen Werner-von-Siemens-Straße","1E"
"Bremen Parkstraße","1E"
"Bremen Lindenhofstraße","1E"
"Bremen Höger Weg","1E"
"Bremen Neuenlander Straße","1E"
"Bremen Westerstraße","1E"
"Lilienthal Moorhauser Landstraße","1E"
"Bremen Altenescher Straße","1E"
"Lilienthal Trupe","1E"
"Lilienthal","1E"
"Bremen Haferkamp","1E"
"Bremen Robert-Koch-Straße","1E"
"Bremen Gröpelingen","1E"
"Bremen Am Lehester Deich","1E"
"Bremen Bahnhof Walle","1E"
"Bremen Solinger Straße","1E"
"Bremen Polizeipräsidium","1E"
"Bremen Schleiermacherstraße","1E"
"Bremen Kurt-Huber-Straße","1E"
"Bremen Osterholzer Landstraße","1E"
"Bremen Graubündener Straße","1E"
"Bremen Sielhof","1E"
"Lilienthal Truperdeich","1E"
"Bremen Bf Mahndorf","1E"
"Bremen Moorstraße","1E"
"Lilienthal Schoofmoor","1E"
"Bremen Bürgermeister-Spitta-Allee","1E"
"Bremen Falkenstraße","1E"
"Bremen Heukämpendamm","1E"
"Bremen Mülheimer Straße","1E"
"Bremen Hohwisch","1E"
"Bremen Hauptbahnhof","1E"
"Bremen Kirchweg","1E"
"Bremen Ellenerbrokstraße","1E"
"Bremen Berliner Freiheit","1E"
"Bremen Norderländer Straße","1E"
"Bremen Neuwieder Straße","1E"
"Bremen Daniel-von-Büren-Straße","1E"
"nan","1E"
"Bremen Schweizer Eck","1E"
"Bremen Bardenflethstraße","1E"
"Bremen Kirchbachstraße","1E"
"Bremen Am Neuen Markt","1E"
"Bremen Barbarossastraße","1E"
"Bremen Düsseldorfer Straße","1E"
"Bremen Borgfeld","1E"
"Bremen Sielwall","1E"
"Bremen Stader Straße/Hamburger Straße","1E"
"Bremen Waller Friedhof","1E"
"Lilienthal Lilienthal-Mitte","1E"
"Bremen Domsheide","1E"
"Bremen Daniel-Jacobs-Allee","1E"
"Bremen Twiedelftsweg","1E"
"Bremen St. Joseph-Stift","1E"
"Lilienthal Feldhäuser Straße","1E"
"Bremen Weserwehr","1E"
"Bremen Ulrichsplatz","1E"
"Bremen Horner Mühle","1E"
"Bremen Weserpark","1E"
"Bremen Klinikum Links der Weser","1E"
"Bremen Neuwieder Straße","1S"
"Bremen Engadiner Straße","1S"
"Bremen Erkelenzer Straße","1S"
"Bremen Schweizer Eck","1S"
"Bremen Kirchbachstraße","1S"
"Bremen Mülheimer Straße","1S"
"Bremen Graubündener Straße","1S"
"Bremen Osterholzer Landstraße","1S"
"Bremen Wilhelm-Leuschner-Straße","1S"
"Bremen Düsseldorfer Straße","1S"
"Bremen Berliner Freiheit","1S"
"Bremen Tenever-Zentrum","1S"
"Bremen Ellenerbrokstraße","1S"
"Bremen Hauptbahnhof","2"
"Bremen Hohwisch","2"
"Bremen Wartburgstraße","2"
"Bremen Waller Friedhof","2"
"Bremen BSAG-Zentrum","2"
"Bremen Bahnhof Sebaldsbrück","2"
"Bremen Daniel-von-Büren-Straße","2"
"Bremen Bennigsenstraße","2"
"Bremen Ulrichsplatz","2"
"Bremen Altenescher Straße","2"
"Bremen wohninvest WESERSTADION","2"
"Bremen Utbremer Straße","2"
"Bremen Bei den Drei Pfählen","2"
"Bremen Haferkamp","2"
"Bremen Am Hulsberg","2"
"Bremen Moorstraße","2"
"Bremen H.-H.-Meier-Allee","2"
"Bremen Lloydstraße","2"
"Bremen Nienburger Straße","2"
"Bremen Brahmsstraße","2"
"Bremen Gröpelingen","2"
"Bremen Joseph-Haydn-Straße","2"
"Bremen Schloßparkstraße","2"
"Bremen Georg-Bitter-Straße","2"
"Bremen Humboldtstraße","2"
"Bremen Brunnenstraße","2"
"Bremen Am Stern","2"
"Bremen Trinidadstraße","2"
"Bremen Bahnhof Walle","2"
"Bremen Wätjenstraße","2"
"Bremen Theater am Goetheplatz","2"
"Bremen Riensberg","2"
"Bremen Herdentor","2"
"Bremen Radio Bremen/VHS","2"
"Bremen Hauptbahnhof-Nord/Messe","2"
"Bremen Falkenstraße","2"
"Bremen Stader Straße/Hamburger Straße","2"
"Bremen Theater am Leibnizplatz","2"
"Bremen Am Dobben","2"
"Bremen Obernstraße","2"
"Bremen Malerstraße","2"
"Bremen Sielwall","2"
"Bremen Gustavstraße","2"
"Bremen Lindenhofstraße","2"
"Bremen Sebaldsbrück (Bus+Tram)","2"
"Bremen Emmastraße","2"
"Bremen Waller Straße","2"
"Bremen Domsheide","2"
"Bremen Föhrenstraße","2"
"Bremen Schüsselkorb","2"
"Bremen Doventor","2"
"Bremen Ludwig-Quidde-Straße","2"
"Bremen Hansestraße","2"
"Bremen Rembertistraße","2"
"Bremen St.-Jürgen-Straße","2"
"Bremen Am Brill (Hutfilter-/Obernstraße)","2"
"Bremen Weserwehr","2"
"Bremen St.-Magnus-Straße","20"
"Bremen Europahafen","20"
"Bremen Lange Reihe","20"
"Bremen Holsteiner Straße","20"
"Bremen Amselweg","20"
"Bremen Straubinger Straße","20"
"Bremen Konsul-Smidt-Straße","20"
"Bremen Bremervörder Straße","20"
"Bremen Bayernstraße","20"
"Bremen Karl-Peters-Straße","20"
"Bremen Hohweg","20"
"Bremen Bernauer Straße","20"
"Bremen Bahnhof Walle","20"
"Bremen Johann-Bornemacher-Straße","20"
"Bremen Trinidadstraße","21"
"Bremen Universität-Süd","21"
"Bremen Berufsbildungswerk","21"
"Bremen Parsevalstraße","21"
"Bremen Mercedes-Benz Tor 7","21"
"Bremen Helmer","21"
"Bremen Friedrich-Mißler-Straße","21"
"Bremen Rennplatz","21"
"Bremen Schloßparkstraße","21"
"Bremen Bahnhof Sebaldsbrück","21"
"Bremen Mercedes-Benz Tor 8","21"
"Bremen Universität-Nord","21"
"Bremen Schneverdinger Straße","21"
"Bremen Horn (Horner Kirche)","21"
"Bremen Osterholzer Friedhof","21"
"Bremen Sebaldsbrück (Bus+Tram)","21"
"Bremen Universität/Zentralbereich","21"
"Bremen Saarstraße","21"
"Bremen Polizeipräsidium","21"
"Bremen Lise-Meitner-Straße","21"
"Bremen Bürgermeister-Spitta-Allee","21"
"Bremen Heinrich-Hertz-Straße","21"
"Bremen Hermann-Koenen-Straße","21"
"Bremen Bottroper Straße","21"
"Bremen Parsevalstraße","21E"
"Bremen Berliner Freiheit","21E"
"Bremen Friedrich-Mißler-Straße","21E"
"Bremen Universität-Nord","21E"
"Bremen Bahnhof Sebaldsbrück","21E"
"Bremen Universität/Zentralbereich","21E"
"Bremen Helmer","21E"
"Bremen Horn (Horner Kirche)","21E"
"Bremen Universität-Süd","21E"
"Bremen Bürgermeister-Spitta-Allee","21E"
"Bremen Polizeipräsidium","21E"
"Bremen Berufsbildungswerk","21E"
"Bremen Heinrich-Hertz-Straße","21E"
"Bremen Bruchhauser Straße","22"
"Bremen Agnes-Heineken-Straße","22"
"Bremen Kurfürstenallee","22"
"Bremen Habenhauser Brückenstraße","22"
"Bremen Universität/Zentralbereich","22"
"Bremen Wiener Straße","22"
"Bremen Stader Straße/Bismarckstraße","22"
"Bremen Kulenkampffallee","22"
"Bremen Parkallee","22"
"Bremen Stader Straße/Hamburger Straße","22"
"Bremen Arensburgstraße","22"
"Bremen Am Stern","22"
"Bremen Crüsemannallee","22"
"Bremen Universität-Süd","22"
"Bremen Verdunstraße","22"
"Bremen Universität-Nord","22"
"Bremen Linzer Straße","22"
"Bremen Busestraße","22"
"Bremen Kirchbachstraße","22"
"Bremen Georg-Bitter-Straße","22"
"Bremen Munte","22"
"Bremen Karl-Carstens-Brücke","22"
"Bremen St. Joseph-Stift","22"
"Bremen Bei den Drei Pfählen","22"
"Bremen Anna-Stiegler-Straße","22"
"Bremen Universität-Ost","22"
"Bremen Borgwardstraße","22"
"Bremen Kattenturm-Mitte","22"
"Bremen Habenhauser Brückenstraße","22E"
"Bremen Universität-Nord","22E"
"Bremen Universität-Ost","22E"
"Bremen St. Joseph-Stift","22E"
"Bremen Stader Straße/Bismarckstraße","22E"
"Bremen Am Stern","22E"
"Bremen Karl-Carstens-Brücke","22E"
"Bremen Crüsemannallee","22E"
"Bremen Weserwehr","22E"
"Bremen Kurfürstenallee","22E"
"Bremen Busestraße","22E"
"Bremen Föhrenstraße","22E"
"Bremen Parkallee","22E"
"Bremen Wiener Straße","22E"
"Bremen Arensburgstraße","22E"
"Bremen Munte","22E"
"Bremen Stader Straße/Hamburger Straße","22E"
"Bremen Linzer Straße","22E"
"Bremen Kulenkampffallee","22E"
"Bremen Verdunstraße","22E"
"Bremen Bei den Drei Pfählen","22E"
"Bremen Universität-Süd","22E"
"Bremen Universität/Zentralbereich","22E"
"Bremen Georg-Bitter-Straße","22E"
"Bremen St. Joseph-Stift","24"
"Bremen Wilhelm-Kaisen-Brücke","24"
"Bremen Bürgerpark","24"
"Bremen Heinrich-Hertz-Straße","24"
"Bremen Wildeshauser Straße","24"
"Bremen Rablinghausen","24"
"Bremen Domsheide","24"
"Bremen Dötlinger Straße","24"
"Bremen Woltmershauser Friedhof","24"
"Bremen Bahnhof Neustadt","24"
"Bremen Brandenburger Straße","24"
"Bremen Hauptbahnhof-Nord/Messe","24"
"Bremen Akazienstraße","24"
"Bremen Friedrich-Stampfer-Straße","24"
"Bremen Kurfürstenallee","24"
"Bremen Neuer Schutzdeich","24"
"Bremen Am Stern","24"
"Bremen Neue Vahr Nord","24"
"Bremen Roccoweg","24"
"Bremen Rechtenflether Straße","24"
"Bremen August-Bebel-Allee","24"
"Bremen Herdentor","24"
"Bremen Stromer Straße","24"
"Bremen Loignystraße","24"
"Bremen Verdunstraße","24"
"Bremen Schüsselkorb","24"
"Bremen Otto-Braun-Straße","24"
"Bremen Philipp-Scheidemann-Straße","24"
"Bremen Hauptbahnhof","24"
"Bremen Lankenauer Höft","24"
"Bremen Westerstraße","24"
"Bremen Huder Straße","24"
"Bremen Ahrensstraße","24"
"Bremen Am Neuen Markt","24"
"Bremen Bakeweg","24"
"Bremen Hohentorsplatz","24"
"Bremen Stromer Straße","24E"
"Bremen Kriegerdenkmal","24E"
"Bremen Stumper","24E"
"Bremen Am Glockenstein","24E"
"Bremen Georg-Henschel-Straße","24E"
"Bremen Domsheide","24E"
"Bremen Hasenbürener Deich","24E"
"Bremen Herdentor","24E"
"Bremen Huder Straße","24E"
"Bremen Hasenbüren","24E"
"Bremen Wessels","24E"
"Bremen Hohentorsplatz","24E"
"Bremen Woltmershauser Friedhof","24E"
"Bremen Schüsselkorb","24E"
"Bremen Wildeshauser Straße","24E"
"Bremen Rechtenflether Straße","24E"
"Bremen Dötlinger Straße","24E"
"Bremen Hauptbahnhof","24E"
"Bremen Westerstraße","24E"
"Bremen Bahnhof Neustadt","24E"
"Bremen Akazienstraße","24E"
"Bremen Am Neuen Markt","24E"
"Bremen Hasenbüren Hagens","24E"
"Bremen Ortsamt Seehausen","24E"
"Bremen Ahrensstraße","24E"
"Bremen Neuer Schutzdeich","24E"
"Bremen Klärwerk","24E"
"Bremen-Seehausen Schule","24E"
"Bremen Reedeich-Nord","24E"
"Bremen Wilhelm-Kaisen-Brücke","24E"
"Bremen Klinikum Bremen-Mitte","25"
"Bremen Wilhelm-Busch-Weg","25"
"Bremen Grenzwehr","25"
"Bremen Herbststraße","25"
"Bremen Rembertistraße","25"
"Bremen Müdener Straße","25"
"Bremen Bottroper Straße","25"
"Bremen Hemmstraße","25"
"Bremen Stader Straße/Bismarckstraße","25"
"Bremen Rennplatz","25"
"Bremen Mercedes-Benz Tor 8","25"
"Bremen Georg-Gries-Straße","25"
"Bremen Hauptbahnhof","25"
"Bremen Dobbenweg","25"
"Bremen Steubenstraße","25"
"Bremen Stuttgarter Straße","25"
"Bremen Domsheide","25"
"Bremen Stresemannstraße","25"
"Bremen Julius-Brecht-Allee","25"
"Bremen Im Holter Feld","25"
"Bremen Radio Bremen/VHS","25"
"Bremen Am Brill (Martinistraße)","25"
"Bremen Stellichter Straße","25"
"Bremen Mercedes-Benz Tor 7","25"
"Bremen Fürther Straße","25"
"Bremen Theodor-Heuss-Allee","25"
"Bremen Utbremer Ring","25"
"Bremen Daniel-von-Büren-Straße","25"
"Bremen Schüsselkorb","25"
"Bremen Weidedamm-Süd","25"
"Bremen Martinistraße","25"
"Bremen Lohmannstraße","25"
"Bremen Emmentaler Straße","25"
"Bremen Herdentor","25"
"Bremen Friedrich-Karl-Straße","25"
"Bremen Einkaufszentrum Blockdiek","25"
"Bremen Krefelder Straße","25"
"Bremen Doventor","25"
"Bremen Klinikum Bremen-Ost","25"
"Bremen Schweizer Eck","25"
"Bremen Wilseder-Berg-Straße","25"
"Bremen Hermann-Koenen-Straße","25"
"Bremen Silbermannstraße","26"
"Bremen Marcuskaje","26"
"Bremen Überseetor","26"
"Bremen Kattenturm-Mitte","26"
"Bremen Bürgerpark","26"
"Bremen Friedrich-Engels-Straße","26"
"Bremen Willigstraße","26"
"Bremen Martin-Buber-Straße","26"
"Bremen Brenningstraße","26"
"Bremen Carsten-Dreßler-Straße","26"
"Bremen Eickedorfer Straße","26"
"Bremen Dithmarscher Freiheit","26"
"Bremen Hemmstraße","26"
"Bremen Huckelriede","26"
"Bremen Habenhauser Brückenstraße","26"
"Bremen Hauptbahnhof","26"
"Bremen Gottfried-Menken-Straße","26"
"Bremen Staustraße","26"
"Bremen Ehrenfelsstraße","26"
"Bremen Hermann-Helms-Straße","26"
"Bremen Hauptbahnhof-Nord/Messe","26"
"Bremen Gemeinschaftszentrum Obervieland","26"
"Bremen Westerstraße","26"
"Bremen Holsteiner Straße","26"
"Bremen Klinikum Haupteingang","26"
"Bremen Piependamm","26"
"Bremen Pappelstraße","26"
"Bremen Arster Landstraße","26"
"Bremen Waller Ring","26"
"Bremen In der Laake","26"
"Bremen Stenumer Straße","26"
"Bremen Helene-Lange-Straße","26"
"Bremen Meyerstraße","26"
"Bremen Friedhof Huckelriede","26"
"Bremen Am Brill (Bgm.-Smidt-Straße)","26"
"Bremen Lange Reihe","26"
"Bremen Am Wall","26"
"Bremen Pfarrfeldsweg","26"
"Bremen Fürther Straße","26"
"Bremen Bahnhof Walle","26"
"Bremen Delmestraße","26"
"Bremen Arster Kirche","26"
"Bremen Schlehenweg","26"
"Bremen Überseestadt-Nord","26"
"Bremen Gastfeldstraße","26"
"Bremen Cuxhavener Straße","26"
"Bremen Fontanestraße","26"
"Bremen Klinikum Links der Weser","26"
"Bremen Fellendsweg","26"
"Bremen Findorffallee","26"
"Bremen Hochschule Bremen","26"
"Bremen August-Hinrichs-Straße","26"
"Bremen Senator-Theil-Straße","26"
"Bremen August-Hinrichs-Straße","27"
"Bremen Hauptbahnhof-Nord/Messe","27"
"Bremen Am Wall","27"
"Bremen Delmestraße","27"
"Bremen Weidedamm-Nord","27"
"Bremen Innsbrucker Straße","27"
"Bremen Bürgerpark","27"
"Bremen Krimpelweg","27"
"Bremen Meyerstraße","27"
"Bremen Stenumer Straße","27"
"Bremen Klinikum Links der Weser","27"
"Bremen Rudolf-Alexander-Schröder-Straße","27"
"Bremen Kattenescher Weg","27"
"Bremen Utbremer Ring","27"
"Brinkum(Stuhr) IKEA/Marktkauf","27"
"Bremen Morsumer Straße","27"
"Bremen Gottfried-Menken-Straße","27"
"Bremen Am Brill (Bgm.-Smidt-Straße)","27"
"Bremen Alfred-Faust-Straße","27"
"Bremen Pappelstraße","27"
"Bremen Findorffallee","27"
"Bremen Willigstraße","27"
"Bremen Westerstraße","27"
"Bremen Hochschule Bremen","27"
"Bremen Hemmstraße","27"
"Bremen Hauptbahnhof","27"
"Bremen Huckelriede","27"
"Bremen Gastfeldstraße","27"
"Bremen Eickedorfer Straße","27"
"Bremen Ricarda-Huch-Straße","27"
"Bremen Arsterdamm","27"
"Bremen Kattenturm-Mitte","27"
"Bremen Wolfskuhlenweg","27"
"Brinkum-Nord Ochtum Park (IKEA)","27"
"Bremen Arsterdamm","27E"
"Bremen Wolfskuhlenweg","27E"
"Brinkum(Stuhr) IKEA/Marktkauf","27E"
"Bremen Alfred-Faust-Straße","27E"
"Bremen Krimpelweg","27E"
"Bremen Kattenescher Weg","27E"
"Bremen Kattenturm-Mitte","27E"
"Bremen Klinikum Links der Weser","27E"
"Brinkum-Nord Ochtum Park (IKEA)","27E"
"Bremen Morsumer Straße","27E"
"Bremen Huckelriede","27E"
"Bremen Campingplatz","28"
"Bremen Celsiusstraße","28"
"Bremen Krönkeskamp","28"
"Bremen Universität/Zentralbereich","28"
"Bremen Wiener Straße","28"
"Bremen Wilhelm-Herbst-Straße","28"
"Bremen Universität-Süd","28"
"Bremen Kuhgrabenweg","28"
"Bremen Stadtwaldsee","28"
"Bremen Ludwig-von-Kapff-Straße","29"
"Bremen Berliner Freiheit","29"
"Bremen Anna-Stiegler-Straße","29"
"Bremen Bordeaux-Straße","29"
"Bremen Mercedes-Benz Tor 8","29"
"Bremen Fuldahafen","29"
"Bremen Sebaldsbrück (Bus+Tram)","29"
"Bremen Bottroper Straße","29"
"Bremen Hermann-Funk-Straße","29"
"Bremen Agnes-Heineken-Straße","29"
"Bremen Osterholzer Friedhof","29"
"Bremen Bergener Straße","29"
"Bremen Friedrich-Stampfer-Straße","29"
"Bremen Wilhelm-Busch-Weg","29"
"Bremen Im Holter Feld","29"
"Bremen Werrahafen","29"
"Bremen Hannoversche Straße","29"
"Bremen Kattenturm-Mitte","29"
"Bremen Arberger Hafendamm","29"
"Bremen Kleine Marschstraße","29"
"Bremen Christernstraße","29"
"Bremen Mercedes-Benz Tor 7","29"
"Bremen Walther-Jacobs-Straße","29"
"Bremen Allerkai","29"
"Bremen Bruchhauser Straße","29"
"Bremen Hermann-Koenen-Straße","29"
"Bremen Witzlebenstraße","29"
"Bremen Neue Vahr Nord","29"
"Bremen Europaallee-Ost","29"
"Bremen Carl-Goerdeler-Straße","29"
"Bremen La-Rochelle-Straße","29"
"Bremen Glockenstraße/Bf Hemelingen","29"
"Bremen Saarstraße","29"
"Bremen Europaallee/Autohof","29"
"Bremen Am Brill (Bgm.-Smidt-Straße)","2E"
"Bremen Weserwehr","2E"
"Bremen Georg-Bitter-Straße","2E"
"Bremen Westerstraße","2E"
"Bremen Wartburgstraße","2E"
"Bremen Schleiermacherstraße","2E"
"Bremen Waller Straße","2E"
"Bremen Bahnhof Walle","2E"
"Bremen Schloßparkstraße","2E"
"Bremen Gastfeldstraße","2E"
"Bremen Föhrenstraße","2E"
"Bremen Doventor","2E"
"Bremen Am Neuen Markt","2E"
"Bremen Trinidadstraße","2E"
"Bremen Gustavstraße","2E"
"Bremen Lloydstraße","2E"
"Bremen Bennigsenstraße","2E"
"Bremen Bahnhof Sebaldsbrück","2E"
"Bremen BSAG-Zentrum","2E"
"Bremen Hansestraße","2E"
"Bremen Waller Friedhof","2E"
"Bremen Radio Bremen/VHS","2E"
"Bremen Hohwisch","2E"
"Bremen Utbremer Straße","2E"
"Bremen Ludwig-Quidde-Straße","2E"
"Bremen Sebaldsbrück (Bus+Tram)","2E"
"Bremen Haferkamp","2E"
"Bremen Theater am Leibnizplatz","2E"
"Bremen Malerstraße","2E"
"Bremen Elisabethstraße","3"
"Bremen Schloßparkstraße","3"
"Bremen Schüsselkorb","3"
"Bremen Wilhelm-Kaisen-Brücke","3"
"Bremen Herdentor","3"
"Bremen Westerstraße","3"
"Bremen Am Dobben","3"
"Bremen Domsheide","3"
"Bremen Am Brill (Hutfilter-/Obernstraße)","3"
"Bremen Daniel-von-Büren-Straße","3"
"Bremen Hohwisch","3"
"Bremen Hauptbahnhof-Nord/Messe","3"
"Bremen Rembertistraße","3"
"Bremen Malerstraße","3"
"Bremen Europahafen","3"
"Bremen Trinidadstraße","3"
"Bremen Weserwehr","3"
"Bremen Goosestraße","3"
"Bremen Jadestraße","3"
"Bremen Schleiermacherstraße","3"
"Bremen Humboldtstraße","3"
"Bremen BSAG-Zentrum","3"
"Bremen Lloydstraße","3"
"Bremen Stader Straße/Hamburger Straße","3"
"Bremen Ludwig-Quidde-Straße","3"
"Bremen Obernstraße","3"
"Bremen Brunnenstraße","3"
"Bremen Nienburger Straße","3"
"Bremen Bürgerpark","3"
"Bremen wohninvest WESERSTADION","3"
"Bremen St.-Jürgen-Straße","3"
"Bremen Waterfront (Use Akschen)","3"
"Bremen Föhrenstraße","3"
"Bremen Am Neuen Markt","3"
"Bremen Radio Bremen/VHS","3"
"Bremen Sielwall","3"
"Bremen Am Brill (Bgm.-Smidt-Straße)","3"
"Bremen Grasberger Straße","3"
"Bremen Gastfeldstraße","3"
"Bremen Doventor","3"
"Bremen Waller Ring","3"
"Bremen Hansator","3"
"Bremen Falkenstraße","3"
"Bremen Gröpelingen","3"
"Bremen Ulrichsplatz","3"
"Bremen Emder Straße","3"
"Bremen Hauptbahnhof","3"
"Bremen Theater am Leibnizplatz","3"
"Bremen Kap-Horn-Straße","3"
"Bremen Georg-Bitter-Straße","3"
"Bremen Bennigsenstraße","3"
"Bremen Konsul-Smidt-Straße","3"
"Bremen Eduard-Schopf-Allee","3"
"Bremen Sebaldsbrück (Bus+Tram)","3"
"Bremen Grenzstraße","3"
"Bremen Theater am Goetheplatz","3"
"Bremen Bahnhof Sebaldsbrück","3"
"Bremen Deliusweg","31"
"Bremen Linzer Straße","31"
"Bremen Ostwaldstraße","31"
"Bremen Fultonstraße","31"
"Bremen Hermann-Frese-Straße","31"
"Bremen Ohmstraße","31"
"Bremen Oberste Kämpe","31"
"Bremen Mackensenweg","31"
"Bremen Borgfeld-Ost","31"
"Bremen Im Achterkamp","31"
"Bremen Am Lehester Deich","31"
"Bremen Albert-Bischof-Straße","31"
"Bremen Ludwig-Sütterlin-Straße","31"
"Bremen Berufsbildungswerk","31"
"Bremen Achterdiek","31"
"Bremen Universität/Zentralbereich","31"
"Bremen Rhododendronpark","31"
"Bremen Nedderland","31"
"Bremen Fraunhoferstraße","31"
"Bremen Horn (Horner Kirche)","31"
"Bremen Haferwende","31"
"Bremen Louise-Böhm-Weg","31"
"Bremen Gravestraße","31"
"Bremen Universität-Nord","31"
"Bremen Universität-Süd","31"
"Bremen Bürgermeister-Kaisen-Allee","31"
"Bremen Lise-Meitner-Straße","31"
"Bremen Kopernikusstraße","31"
"Bremen Helmer","31"
"Bremen Bürgermeister-Spitta-Allee","31"
"Bremen Am Heiddamm","33"
"Bremen Schorf","33"
"Bremen An den Wühren","33"
"Bremen Im Holze","33"
"Bremen An der Kämenade","33"
"Bremen Oberneulander Heerstraße","33"
"Bremen Mühlenfeldstraße","33"
"Bremen Oewerweg","33"
"Bremen Schevemoorer Landstraße","33"
"Bremen Höpkens Ruh","33"
"Bremen Poggenburg","33"
"Bremen Heinz-Hinners-Platz","33"
"Bremen Am Hallacker","33"
"Bremen Am Querkamp","33"
"Bremen Saarstraße","33"
"Bremen Apfelallee","33"
"Bremen Bahnhof Oberneuland","33"
"Bremen Vorstraße","33"
"Bremen Osterholzer Landstraße","33"
"Bremen Wilhelm-Röntgen-Straße","33"
"Bremen Sebaldsbrück (Bus+Tram)","33"
"Bremen Horner Mühle","33"
"Bremen Kapitän-König-Weg","33"
"Bremen Horn (Horner Kirche)","33"
"Bremen Osterholzer Friedhof","33"
"Bremen Vorstraße","33E"
"Bremen Höpkens Ruh","33E"
"Bremen Horn (Horner Kirche)","33E"
"Bremen Am Heiddamm","33E"
"Bremen Ikensdamm","33E"
"Bremen Kapitän-König-Weg","33E"
"Bremen Mühlenfeldstraße","33E"
"Bremen Oberneulander Heerstraße","33E"
"Bremen Bahnhof Oberneuland","33E"
"Bremen Schorf","33E"
"Bremen Apfelallee","33E"
"Bremen An den Wühren","33E"
"Bremen Horner Mühle","33E"
"Bremen Wilhelm-Röntgen-Straße","33E"
"Bremen Schevemoorer Landstraße","33E"
"Bremen Am Querkamp","33E"
"Bremen Im Holze","33E"
"Bremen Osterholzer Landstraße","33E"
"Bremen Saarstraße","34"
"Bremen Am Hallacker","34"
"Bremen Heinz-Hinners-Platz","34"
"Bremen Am Heiddamm","34"
"Bremen Rockwinkeler Heerstraße","34"
"Bremen Bahnhof Oberneuland","34"
"Bremen Osterholzer Friedhof","34"
"Bremen Modersohnweg","34"
"Bremen Apfelallee","34"
"Bremen Schevemoorer Landstraße","34"
"Bremen Beim Kleinen Tagwerk","34"
"Bremen Wilhelm-Röntgen-Straße","34"
"Bremen Horner Mühle","34"
"Bremen Vorstraße","34"
"Bremen Oewerweg","34"
"Bremen Osterholzer Landstraße","34"
"Bremen Mühlenfeldstraße","34"
"Bremen Poggenburg","34"
"Bremen Horn (Horner Kirche)","34"
"Bremen Sebaldsbrück (Bus+Tram)","34"
"Bremen An der Kämenade","34"
"Bremen Simon-Hermann-Post-Weg","34"
"Bremen Schorf","34"
"Bremen Wilhelm-Röntgen-Straße","34E"
"Bremen Horn (Horner Kirche)","34E"
"Bremen Schorf","34E"
"Bremen Modersohnweg","34E"
"Bremen Ikensdamm","34E"
"Bremen Apfelallee","34E"
"Bremen Simon-Hermann-Post-Weg","34E"
"Bremen Mühlenfeldstraße","34E"
"Bremen Am Heiddamm","34E"
"Bremen Vorstraße","34E"
"Bremen Rockwinkeler Heerstraße","34E"
"Bremen Horner Mühle","34E"
"Bremen Bahnhof Oberneuland","34E"
"Bremen Beim Kleinen Tagwerk","34E"
"Bremen Saarstraße","37"
"Bremen Osterholzer Möhlendamm","37"
"Bremen Klinikum Bremen-Ost","37"
"Bremen Lachmundsdamm","37"
"Bremen Schweizer Eck","37"
"Bremen Sebaldsbrück (Bus+Tram)","37"
"Bremen Am Großen Kuhkamp","37"
"Bremen Egestorff-Stiftung","37"
"Bremen Heinz-Hinners-Platz","37"
"Bremen An der Kämenade","37"
"Bremen Bf Mahndorf","37"
"Bremen Osterholzer Friedhof","37"
"Bremen Am Siek","37"
"Bremen Beim Bohnenhof","37"
"Bremen Am Hahnenkamp","37"
"Bremen Heiligenbergstraße","37"
"Bremen Am Großen Kuhkamp","37E"
"Bremen Bf Mahndorf","37E"
"Bremen Beim Bohnenhof","37E"
"Bremen Lachmundsdamm","37E"
"Bremen Heiligenbergstraße","37E"
"Bremen Osterholzer Möhlendamm","37E"
"Bremen Egestorff-Stiftung","37E"
"Bremen Ricardostraße","38"
"Bremen Weserpark-Süd","38"
"Bremen Hexenstieg","38"
"Bremen Bf Mahndorf","38"
"Bremen Malthusstraße","38"
"Bremen Von-Thünen-Straße Nord","38"
"Bremen Panrepel-Süd","38"
"Bremen Holzweide","38"
"Bremen Von-Thünen-Straße Süd","38"
"nan","38"
"Bremen Panrepel-Nord","38"
"Bremen Bollener Landstraße","38"
"Bremen Holzweide","39"
"Bremen Hexenstieg","39"
"Bremen Bollener Landstraße","39"
"Bremen Bf Mahndorf","39"
"Bremen Malthusstraße","39"
"Bremen Weserpark-Süd","39"
"Bremen Kopernikusstraße","4"
"nan","4"
"Bremen Daniel-Jacobs-Allee","4"
"Bremen Theater am Leibnizplatz","4"
"Bremen Wilhelm-Kaisen-Brücke","4"
"Bremen Herdentor","4"
"Bremen Vorstraße","4"
"Bremen Peter-Henlein-Straße","4"
"Bremen Polizeipräsidium","4"
"Bremen Rembertistraße","4"
"Bremen Kirchweg","4"
"Bremen Wilhelm-Leuschner-Straße","4"
"Bremen Am Dammacker","4"
"Bremen Kattenturm-Mitte","4"
"Bremen Horner Mühle","4"
"Bremen Sielhof","4"
"Bremen Hollerallee","4"
"Bremen Domsheide","4"
"Lilienthal Kutscher Behrens","4"
"Bremen Carl-Goerdeler-Straße","4"
"Bremen Kirchbachstraße","4"
"Bremen Schleiermacherstraße","4"
"Bremen Rotes-Kreuz-Krankenhaus","4"
"Bremen Focke-Museum","4"
"Bremen Parkstraße","4"
"Bremen Am Lehester Deich","4"
"Bremen Robert-Koch-Straße","4"
"Bremen Gastfeldstraße","4"
"Bremen Rosenpfad","4"
"Bremen Dietrich-Bonhoeffer-Straße","4"
"Bremen Twiedelftsweg","4"
"Bremen Hauptbahnhof","4"
"Bremen Barbarossastraße","4"
"Bremen Julius-Brecht-Allee","4"
"Bremen BSAG-Zentrum","4"
"Lilienthal Moorhauser Landstraße","4"
"Bremen Horn (Horner Kirche)","4"
"Bremen Friedhofstraße","4"
"Lilienthal Trupe","4"
"Lilienthal Lilienthal-Mitte","4"
"Bremen Werner-von-Siemens-Straße","4"
"Bremen Heukämpendamm","4"
"Lilienthal Schoofmoor","4"
"Bremen Klinikum Links der Weser","4"
"Bremen St. Joseph-Stift","4"
"Lilienthal Feldhäuser Straße","4"
"Bremen Kurt-Huber-Straße","4"
"Lilienthal","4"
"Bremen Schwankhalle","4"
"Bremen Huckelriede","4"
"Bremen Am Dobben","4"
"Lilienthal Truperdeich","4"
"Bremen Metzer Straße","4"
"Bremen Schüsselkorb","4"
"Bremen Bürgermeister-Spitta-Allee","4"
"Bremen Arsten","4"
"Lilienthal Auf dem Kamp","4"
"Bremen Höger Weg","4"
"Bremen Borgfeld","4"
"Bremen Berliner Freiheit","4"
"Bremen Kurfürstenallee","4"
"Bremen Glockenstraße/Bf Hemelingen","40"
"Bremen Hermann-Osterloh-Straße","40"
"Bremen Stackkamp","40"
"Bremen Colshornstraße","40"
"Bremen Weserwehr","40"
"Bremen Schlengstraße","40"
"Bremen Heisiusstraße","40"
"Bremen Süntelstraße","40"
"Bremen Marschstraße","40"
"Bremen Christernstraße","40"
"Bremen Hannoversche Straße","40"
"Bremen Bf Mahndorf","40"
"Bremen Brünsweg","40"
"Bremen Belmerstraße","40"
"Bremen Föhrenstraße","40"
"Bremen Kluvenhagener Straße","40"
"Bremen Osterhop","40"
"Bremen Eppenhainer Straße","41"
"Bremen Stackkamp","41"
"Bremen Sollingstraße","41"
"Bremen Belmerstraße","41"
"Bremen Marschstraße","41"
"Bremen Bf Mahndorf","41"
"Bremen Schlengstraße","41"
"Bremen Glockenstraße/Bf Hemelingen","41"
"Bremen Föhrenstraße","41"
"Bremen Weserwehr","41"
"Bremen Nauheimer Straße","41"
"Bremen Christernstraße","41"
"Bremen Osterhop","41"
"Bremen Süntelstraße","41"
"Bremen Ruppertshainer Straße","41"
"Bremen Kluvenhagener Straße","41"
"Bremen Brünsweg","41"
"Bremen Hannoversche Straße","41"
"Bremen Hermann-Osterloh-Straße","41"
"Bremen Weserpark-Süd","41E"
"Bremen Bollener Landstraße","41E"
"Bremen Osterhop","41E"
"Bremen Eppenhainer Straße","41E"
"Bremen Schlengstraße","41E"
"Bremen Nauheimer Straße","41E"
"Bremen Hermann-Osterloh-Straße","41E"
"Bremen Holzweide","41E"
"Bremen Sollingstraße","41E"
"Bremen Föhrenstraße","41E"
"Bremen Hannoversche Straße","41E"
"Bremen Glockenstraße/Bf Hemelingen","41E"
"Bremen Hexenstieg","41E"
"Bremen Ruppertshainer Straße","41E"
"Bremen Bahnhof Sebaldsbrück","41E"
"Bremen Süntelstraße","41E"
"Bremen Christernstraße","41E"
"Bremen Stackkamp","41E"
"Bremen Kluvenhagener Straße","41E"
"Bremen Belmerstraße","41E"
"Bremen Malthusstraße","41E"
"Bremen Bf Mahndorf","41E"
"Bremen Marschstraße","41E"
"Bremen Brünsweg","41E"
"Bremen Weserwehr","41S"
"Bremen Marschstraße","41S"
"Bremen Schlengstraße","42"
"Bremen Fuldahafen","42"
"Bremen Werrahafen","42"
"Bremen Föhrenstraße","42"
"Bremen Europaallee/Autohof","42"
"Bremen Walther-Jacobs-Straße","42"
"Bremen Europaallee-Ost","42"
"Bremen Bergener Straße","42"
"Bremen Weserwehr","42"
"Bremen La-Rochelle-Straße","42"
"Bremen Ludwig-von-Kapff-Straße","42"
"Bremen Belmerstraße","42"
"Bremen Glockenstraße/Bf Hemelingen","42"
"Bremen Bordeaux-Straße","42"
"Bremen Christernstraße","42"
"Bremen Hannoversche Straße","42"
"Bremen Kleine Marschstraße","42"
"Bremen Arberger Hafendamm","42"
"Bremen Osterhop","42"
"Bremen Schlengstraße","44"
"Bremen Sollingstraße","44"
"Bremen Osterhop","44"
"Bremen Sebaldsbrück (Bus+Tram)","44"
"Bremen Bf Mahndorf","44"
"Bremen Eppenhainer Straße","44"
"Bremen Christernstraße","44"
"Bremen Hermann-Osterloh-Straße","44"
"Bremen Belmerstraße","44"
"Bremen Stackkamp","44"
"Bremen Süntelstraße","44"
"Bremen Marschstraße","44"
"Bremen Ruppertshainer Straße","44"
"Bremen Kluvenhagener Straße","44"
"Bremen Brünsweg","44"
"Bremen Nauheimer Straße","44"
"Bremen Schüsselkorb","4E"
"Bremen Rembertistraße","4E"
"Bremen Herdentor","4E"
"Bremen Domsheide","4E"
"Bremen Hauptbahnhof","4E"
"Bremen Obernstraße","5"
"Bremen Falkenstraße","5"
"Bremen Eduard-Schopf-Allee","5"
"Bremen Waller Ring","5"
"Bremen Bürgerpark","5"
"Bremen Am Brill (Hutfilter-/Obernstraße)","5"
"Bremen Hauptbahnhof","5"
"Bremen Hauptbahnhof-Nord/Messe","5"
"Bremen Grenzstraße","5"
"Bremen Elisabethstraße","5"
"Bremen Daniel-von-Büren-Straße","5"
"Bremen Europahafen","5"
"Bremen Herdentor","5"
"Bremen Schüsselkorb","5"
"Bremen Radio Bremen/VHS","5"
"Bremen Konsul-Smidt-Straße","5"
"Bremen Hansator","5"
"Bremen Robert-Koch-Straße","52"
"Bremen Norderländer Straße","52"
"Bremen Flughafen","52"
"Bremen Arsterdamm","52"
"Bremen Dortmunder Straße","52"
"Bremen Obervielander Straße","52"
"Bremen Bardenflethstraße","52"
"Bremen Solinger Straße","52"
"Bremen Kattenturm-Mitte","52"
"Bremen Cornelius-Edzard-Straße","52"
"Bremen Paul-Feller-Straße","52"
"Bremen Unterführung B75","52"
"Bremen Anna-Stiegler-Straße","52"
"Bremen BSAG-Zentrum","52"
"Bremen Neuenlander Kämpe","52"
"Bremen Roland-Center","52"
"Bremen Willakedamm","55"
"Brinkum(Stuhr) Magdeburger Straße","55"
"Bremen Friedhof Huchting","55"
"Brinkum(Stuhr) Schule Feldstraße","55"
"Bremen Roland-Center","55"
"Bremen Rotterdamer Straße","55"
"Brinkum(Stuhr) Am Bahnhof","55"
"Bremen Hohenhorster Weg","55"
"Bremen Varreler Landstraße","55"
"Brinkum(Stuhr) Marktplatz","55"
"nan","55"
"Brinkum(Stuhr) Schule Brunnenweg","55"
"Bremen Zum Huchtinger Bahnhof","57"
"Bremen Roland-Center","57"
"Bremen Am Sodenmatt","57"
"Bremen Carl-Hurtzig-Straße","57"
"Bremen Brüsseler Straße","57"
"Bremen Friedhof Huchting","57"
"Bremen Flämische Straße","57"
"Bremen Hohenhorster Weg","57"
"Bremen Willakedamm","57"
"Bremen Rotterdamer Straße","57"
"Bremen Delfter Straße","57"
"Bremen Obervielander Straße","58"
"Bremen Flämische Straße","58"
"Bremen Roland-Center","58"
"Bremen Harriersand","58"
"Bremen Brüsseler Straße","58"
"Bremen Mittelshuchtinger Dorfstraße","58"
"Bremen Carl-Hurtzig-Straße","58"
"Bremen Zum Huchtinger Bahnhof","58"
"Bremen Waterfront (Use Akschen)","5S"
"Bremen Gröpelingen","5S"
"Bremen Waller Ring","5S"
"Bremen Berufsbildungswerk","6"
"Bremen Hauptbahnhof-Nord/Messe","6"
"Bremen Flughafen-Süd","6"
"Bremen Brahmsstraße","6"
"Bremen BSAG-Zentrum","6"
"Bremen Domsheide","6"
"Bremen Joseph-Haydn-Straße","6"
"Bremen Lise-Meitner-Straße","6"
"Bremen Universität/Zentralbereich","6"
"Bremen Westerstraße","6"
"Bremen Am Brill (Bgm.-Smidt-Straße)","6"
"Bremen Schleiermacherstraße","6"
"Bremen Herdentor","6"
"Bremen Universität-Nord","6"
"Bremen Wilhelm-Kaisen-Brücke","6"
"Bremen Schüsselkorb","6"
"Bremen Flughafen","6"
"Bremen Theater am Leibnizplatz","6"
"Bremen Ulrichsplatz","6"
"Bremen Am Wall","6"
"Bremen Neuenlander Kämpe","6"
"Bremen Humboldtstraße","6"
"Bremen Universität-Süd","6"
"Bremen Emmastraße","6"
"Bremen Hauptbahnhof","6"
"Bremen Gastfeldstraße","6"
"Bremen Am Neuen Markt","6"
"Bremen Wätjenstraße","6"
"Bremen Riensberg","6"
"Bremen Am Dobben","6"
"Bremen Rembertistraße","6"
"Bremen H.-H.-Meier-Allee","6"
"Bremen Theater am Goetheplatz","6"
"Bremen Am Stern","6"
"Bremen Köhler Brücke","61"
"Bremen Reedeich-Nord","61"
"Bremen Stedinger Brücke","61"
"Bremen Roccoweg","61"
"Bremen Stromer Berg","61"
"Bremen-Strom Schule","61"
"Bremen Rablinghausen","61"
"Bremen Bakeweg","61"
"Bremen Güterbahnhof Grolland","61"
"Bremen Luley","61"
"Delmenhorst Sandhausen","61"
"Bremen Neuer Schutzdeich","61"
"Bremen Stromer Straße","61"
"Bremen Auf der Sandhöhe","61"
"Bremen Stellfeldsweg","61"
"Bremen Reedeich-Nord","62"
"Bremen Hasenbüren Hagens","62"
"Bremen Neuer Schutzdeich","62"
"Bremen Wessels","62"
"Bremen Klärwerk","62"
"Bremen Bakeweg","62"
"Bremen Hasenbürener Deich","62"
"Bremen Hasenbüren","62"
"Bremen Ahrensstraße","62"
"Bremen Neustädter Hafen","62"
"Bremen Stromer Straße","62"
"Bremen Stumper","62"
"Bremen Georg-Henschel-Straße","62"
"Bremen-Seehausen Schule","62"
"Bremen Kriegerdenkmal","62"
"Bremen Am Glockenstein","62"
"Bremen Rablinghausen","62"
"Bremen Ortsamt Seehausen","62"
"Bremen Roccoweg","62"
"Bremen Am Brill (Bgm.-Smidt-Straße)","63"
"Bremen Franz-Stickan-Straße","63"
"Bremen GVZ-Zentralbereich","63"
"Bremen Hochschule Bremen","63"
"Bremen Georg-Henschel-Straße","63"
"Bremen Reedeich-Nord","63"
"Bremen Senator-Nolting-Hauff-Straße","63"
"Bremen Visbeker Straße","63"
"Bremen Neustädter Hafen","63"
"Bremen Am Wall","63"
"Bremen Auf dem Bohnenkamp","63"
"Bremen Senator-Paulmann-Straße","63"
"Bremen Hohentorsplatz","63"
"Bremen Senator-Harmssen-Straße","63"
"Bremen Albert-Bote-Straße","63"
"Bremen Hauptbahnhof","63"
"Bremen Pappelstraße","63"
"Bremen Alter Schutzdeich","63"
"Bremen Am Tabakquartier","63"
"Bremen Warturmer Heerstraße","63"
"Bremen Erich-Kühlmann-Straße","63"
"Bremen Ahrensstraße","63"
"Bremen Mühlenhauser Fleet","63"
"Bremen Bahnhof Neustadt","63"
"Bremen Senator-Mester-Straße","63"
"Bremen Westerstraße","63"
"Bremen Am Gaswerkgraben","63"
"Bremen GVZ-Verkehrsgewerbe Ost","63"
"Bremen Senator-Blase-Straße","63"
"Bremen Ludwig-Erhard-Straße","63"
"Bremen Friedhofstraße","6E"
"Bremen Gröpelingen","6E"
"Bremen Kirchweg","6E"
"Bremen Metzer Straße","6E"
"Bremen Universität-Nord","6E"
"Bremen Rotes-Kreuz-Krankenhaus","6E"
"Bremen Horner Mühle","6E"
"nan","6E"
"Bremen Bahnhof Walle","6E"
"Bremen Gustavstraße","6E"
"Lilienthal Trupe","6E"
"Bremen Weserpark","6E"
"Bremen Am Neuen Markt","6E"
"Bremen Hauptbahnhof","6E"
"Bremen Werner-von-Siemens-Straße","6E"
"Bremen Hansator","6E"
"Bremen Graubündener Straße","6E"
"Bremen Neuwieder Straße","6E"
"Bremen Emder Straße","6E"
"Lilienthal Kutscher Behrens","6E"
"Bremen Erkelenzer Straße","6E"
"Bremen Tenever-Zentrum","6E"
"Bremen Domsheide","6E"
"Bremen Utbremer Straße","6E"
"Bremen Parkstraße","6E"
"Bremen Schüsselkorb","6E"
"Lilienthal Auf dem Kamp","6E"
"Bremen Daniel-Jacobs-Allee","6E"
"Bremen Emmastraße","6E"
"Bremen Heukämpendamm","6E"
"Bremen Grasberger Straße","6E"
"Bremen Barbarossastraße","6E"
"Bremen Höger Weg","6E"
"Bremen Theater am Leibnizplatz","6E"
"Lilienthal Feldhäuser Straße","6E"
"Bremen Schweizer Eck","6E"
"Bremen Am Dammacker","6E"
"Bremen Rembertistraße","6E"
"Bremen Moorstraße","6E"
"Bremen Nußhorn","6E"
"Bremen Haferkamp","6E"
"Bremen Konsul-Smidt-Straße","6E"
"Bremen Altenescher Straße","6E"
"Bremen Theater am Goetheplatz","6E"
"Bremen Ellenerbrokstraße","6E"
"Bremen Waller Ring","6E"
"Bremen Polizeipräsidium","6E"
"Bremen Hansestraße","6E"
"Bremen Waller Straße","6E"
"Bremen Lindenhofstraße","6E"
"Bremen Eduard-Schopf-Allee","6E"
"Bremen Lise-Meitner-Straße","6E"
"Bremen Schwankhalle","6E"
"Bremen Europahafen","6E"
"Bremen Radio Bremen/VHS","6E"
"Bremen Westerstraße","6E"
"Lilienthal","6E"
"Bremen Waterfront (Use Akschen)","6E"
"Bremen Am Dobben","6E"
"Bremen Kattenturm-Mitte","6E"
"Bremen Rosenpfad","6E"
"Bremen Kirchbachstraße","6E"
"Bremen Doventor","6E"
"Bremen Focke-Museum","6E"
"Bremen Kopernikusstraße","6E"
"Bremen Dietrich-Bonhoeffer-Straße","6E"
"Bremen Peter-Henlein-Straße","6E"
"Bremen Osterholzer Landstraße","6E"
"Bremen Kap-Horn-Straße","6E"
"Bremen Berliner Freiheit","6E"
"Bremen Universität-Süd","6E"
"Bremen Julius-Brecht-Allee","6E"
"Bremen St. Joseph-Stift","6E"
"Bremen Klinikum Links der Weser","6E"
"Bremen Gastfeldstraße","6E"
"Bremen BSAG-Zentrum","6E"
"Bremen Grenzstraße","6E"
"Bremen Berufsbildungswerk","6E"
"Bremen Robert-Koch-Straße","6E"
"Bremen Joseph-Haydn-Straße","6E"
"Bremen Bürgerpark","6E"
"Bremen Borgfeld","6E"
"Bremen Hauptbahnhof-Nord/Messe","6E"
"Bremen Mülheimer Straße","6E"
"Bremen Wätjenstraße","6E"
"Bremen Teneverstraße","6E"
"Bremen Wilhelm-Leuschner-Straße","6E"
"Bremen Humboldtstraße","6E"
"Bremen Am Stern","6E"
"Lilienthal Schoofmoor","6E"
"Bremen Elisabethstraße","6E"
"Bremen Kurt-Huber-Straße","6E"
"Bremen Am Lehester Deich","6E"
"Bremen Sielhof","6E"
"Bremen Hollerallee","6E"
"Bremen Wartburgstraße","6E"
"Bremen Am Brill (Bgm.-Smidt-Straße)","6E"
"Lilienthal Moorhauser Landstraße","6E"
"Bremen Twiedelftsweg","6E"
"Bremen Horn (Horner Kirche)","6E"
"Bremen Waller Friedhof","6E"
"Bremen Riensberg","6E"
"Bremen Arsten","6E"
"Bremen Weserpark-Süd","6E"
"Bremen Werner-Steenken-Straße","6E"
"Bremen Düsseldorfer Straße","6E"
"Bremen Goosestraße","6E"
"Bremen Ulrichsplatz","6E"
"Bremen Carl-Goerdeler-Straße","6E"
"Lilienthal Truperdeich","6E"
"Bremen Schleiermacherstraße","6E"
"Bremen Brahmsstraße","6E"
"Bremen Bf Mahndorf","6E"
"Bremen Herdentor","6E"
"Bremen Vorstraße","6E"
"Bremen Engadiner Straße","6E"
"Bremen Bürgermeister-Spitta-Allee","6E"
"Bremen H.-H.-Meier-Allee","6E"
"Bremen Universität/Zentralbereich","6E"
"Bremen Huckelriede","6E"
"Bremen Jadestraße","6E"
"Bremen Lloydstraße","6E"
"Lilienthal Lilienthal-Mitte","6E"
"Bremen Kurfürstenallee","6E"
"Bremen Wilhelm-Kaisen-Brücke","6E"
"Bremen Schüsselkorb","8"
"Bremen BSAG-Zentrum","8"
"Bremen Solinger Straße","8"
"Bremen Crüsemannallee","8"
"Bremen Duckwitzstraße","8"
"Bremen Hochschule Bremen","8"
"Bremen Schleiermacherstraße","8"
"Bremen Busestraße","8"
"Bremen Domsheide","8"
"Bremen Bardenflethstraße","8"
"Bremen Am Neuen Markt","8"
"Bremen Norderländer Straße","8"
"Bremen Neuenlander Straße","8"
"Bremen Roland-Center","8"
"Bremen Gastfeldstraße","8"
"Bremen Hauptbahnhof-Nord/Messe","8"
"Bremen Kulenkampffallee","8"
"Bremen Bulthauptstraße","8"
"Bremen Herdentor","8"
"Bremen Brahmsstraße","8"
"Bremen Pappelstraße","8"
"Bremen Am Stern","8"
"Bremen Theater am Leibnizplatz","8"
"Bremen Westerstraße","8"
"Bremen Wilhelm-Kaisen-Brücke","8"
"Bremen Hauptbahnhof","8"
"Bremen Stahlwerk Tor 3","80"
"Bremen Oslebshauser Landstraße","80"
"Bremen Togostraße","80"
"Bremen Riedemannstraße","80"
"Bremen Riespot","80"
"Bremen Hüttenhafen","80"
"Bremen Hüttenstraße Süd","80"
"Bremen Gröpelingen","80"
"Bremen Gröpelingen","81"
"Bremen Ritterhuder Heerstraße","81"
"Bremen Stahlwerk Tor 1","81"
"Bremen Gottlieb-Daimler-Straße","81"
"Bremen Hüttenstraße Süd","81"
"Bremen Riespot","81"
"Bremen Karl-Bröger-Straße","81"
"Bremen Am Fuchsberg","81"
"Bremen Riedemannstraße","81"
"Bremen Von-Ossietzky-Straße","81"
"Bremen Stahlwerk Tor 2","81"
"Bremen DIAKO Bremen","81"
"Bremen Stahlwerk Tor 3","81"
"Bremen Mittelsbürener Landstraße","81"
"Bremen Bahnhof Oslebshausen","81"
"Bremen Dohlenstraße","81"
"Bremen Auf den Delben","81"
"Bremen Dirschauer Straße","82"
"Bremen In den Barken","82"
"Bremen Bromberger Straße","82"
"Bremen Lindenhofstraße","82"
"Bremen Schwarzer Weg","82"
"Bremen Halmerweg","82"
"Bremen Wasserhorster Straße","82"
"Bremen Moorstraße","82"
"Bremen Gröpelingen","82"
"Bremen Kalischer Straße","82"
"Bremen Hochschule Bremen","8E"
"Bremen Westerstraße","8E"
"Bremen Solinger Straße","8E"
"Bremen Norderländer Straße","8E"
"Bremen Bardenflethstraße","8E"
"Bremen Obernstraße","8E"
"Bremen Roland-Center","8E"
"Bremen Domsheide","8E"
"Bremen Neuenlander Straße","8E"
"Bremen Am Brill (Hutfilter-/Obernstraße)","8E"
"Bremen Duckwitzstraße","8E"
"Bremen Am Brill (Bgm.-Smidt-Straße)","8E"
"Bremen Pappelstraße","8E"
"Bremen-Blumenthal Markt","90"
"Neuenkirchen(Schwanewede) Ahnten","90"
"Bremen Bahnhof Aumund","90"
"nan","90"
"Bremen Goldbergplatz","90"
"Bremen Dohlenstraße","90"
"Bremen Betonstraße","90"
"Bremen Rotdornallee","90"
"Bremen Stader Landstraße","90"
"Bremen Rönnebecker Straße","90"
"Bremen Mittelsbürener Landstraße","90"
"Neuenkirchen(Schwanewede) Marktplatz","90"
"Bremen Wasserweg","90"
"Bremen Blumenhorster Straße","90"
"Bremen Löhstraße","90"
"Bremen Dillener Park","90"
"Bremen Bahnhof Blumenthal","90"
"Bremen Holthorster Weg","90"
"Bremen Vor den Wischen","90"
"Bremen Wilhelm-Brandhorst-Straße","90"
"Bremen Aumunder Heide","90"
"Bremen Gustav-Heinemann-Bürgerhaus","90"
"Bremen Burgdammer Postweg","90"
"Bremen Auf dem Krümpel","90"
"Bremen Lesum Park","90"
"Bremen De Kreienbarg","90"
"Bremen Bf Klinikum Bremen-Nord","90"
"Bremen Am Geestkamp","90"
"Neuenkirchen(Schwanewede) Landwehr","90"
"Bremen Von-Ossietzky-Straße","90"
"Bremen Zum Donaufleet","90"
"Bremen Buschdeel","90"
"Bremen Am Fuchsberg","90"
"Bremen Am Heidbergstift","90"
"Bremen Tannenhof","90"
"Bremen Ritterhuder Heerstraße","90"
"Bremen Karl-Bröger-Straße","90"
"Bremen Fähre Farge","90"
"Bremen Zum Kränholm","90"
"Neuenkirchen(Schwanewede) Vorbruch","90"
"Bremen Bahnhof Farge","90"
"Bremen An Smidts Park","90"
"Bremen Moorstücke","90"
"Bremen Hohenesch","90"
"Bremen Hanfstraße","90"
"Bremen DIAKO Bremen","90"
"Bremen Bahnhof Schönebeck","90"
"Bremen Sandkuhlenweg","90"
"Bremen Gerhard-Rohlfs-Straße","90"
"Bremen-Burg(Bus)","90"
"Bremen Fährer Kämpe","90"
"Bremen Burger Dorfstraße","90"
"Bremen Bahnhof Vegesack","90"
"Bremen Gröpelingen","90"
"Bremen Am Bahnhof St. Magnus","90"
"Bremen An der Amtsweide","90"
"Bremen Rekumer Siel","90"
"Bremen Fähre Blumenthal","90"
"Bremen Bahnhof Lesum","90"
"Bremen Rekumer Siel","90E"
"Bremen Blumenhorster Straße","90E"
"Bremen Vor den Wischen","90E"
"Bremen Eggestedter Straße","90E"
"Bremen Am Fillerkamp","90E"
"Bremen Hanfstraße","90E"
"Bremen Gustav-Heinemann-Bürgerhaus","90E"
"Bremen Wilhelm-Brandhorst-Straße","90E"
"Bremen Dobbheide","90E"
"Bremen Wasserweg","90E"
"Bremen Aumunder Heide","90E"
"Bremen Zum Donaufleet","90E"
"nan","90E"
"Bremen Betriebshof Blumenthal","90E"
"Neuenkirchen(Schwanewede) Marktplatz","90E"
"Bremen Fährer Kämpe","90E"
"Bremen Hohenesch","90E"
"Bremen Gerhard-Rohlfs-Straße","90E"
"Bremen Auf dem Flintacker","90E"
"Bremen Rönnebecker Straße","90E"
"Bremen Bahnhof Farge","90E"
"Bremen Schulzentrum Lerchenstraße","90E"
"Bremen Martinshof Aumund","90E"
"Bremen Sandkuhlenweg","90E"
"Bremen An der Lehmkuhle","90E"
"Bremen Neuenkirchener Weg","90E"
"Neuenkirchen(Schwanewede) Landwehr","90E"
"Neuenkirchen(Schwanewede) Vorbruch","90E"
"Bremen Köhlhorster Straße","90E"
"Bremen Wilhelm-Zöllig-Straße","90E"
"Bremen De Kreienbarg","90E"
"Bremen Buschdeel","90E"
"Bremen Bahnhof Blumenthal","90E"
"Bremen Bahnhof Kreinsloger","90E"
"Bremen Bahnhof Aumund","90E"
"Bremen An der Amtsweide","90E"
"Bremen Bahnhof Vegesack","90E"
"Bremen Bf Klinikum Bremen-Nord","90E"
"Bremen Vorberger Straße","90E"
"Bremen Fähre Farge","90E"
"Bremen-Blumenthal Markt","90E"
"Bremen Löhstraße","90E"
"Bremen Betonstraße","90E"
"Bremen Fähre Blumenthal","90E"
"Bremen Moorstücke","90E"
"Bremen Dillener Park","90E"
"Bremen Lerchenstraße","90E"
"Neuenkirchen(Schwanewede) Ahnten","90E"
"Bremen Am Bahnhof St. Magnus","91"
"Bremen Richthofenstraße","91"
"Bremen An Smidts Park","91"
"Bremen-Blumenthal Markt","91"
"Bremen-Burg(Bus)","91"
"Bremen Taunusstraße","91"
"Bremen Grohn-Markt","91"
"Bremen Gustav-Heinemann-Bürgerhaus","91"
"Bremen Rönnebecker Straße","91"
"Bremen Eggestedter Straße","91"
"Bremen Ermlandstraße","91"
"Bremen Holthorster Weg","91"
"Bremen Fährgrund","91"
"Bremen Schönebecker Straße","91"
"Bremen Burger Dorfstraße","91"
"Bremen Auf dem Krümpel","91"
"Bremen Margaretenallee","91"
"Bremen Vereinsstraße","91"
"Bremen Wätjens Park","91"
"Bremen Lesum Park","91"
"Bremen Bahnhof Vegesack","91"
"Bremen Oslebshauser Landstraße","91"
"Bremen Auf den Delben","91"
"Bremen Blumenkamp","91"
"Bremen Bahnhof Kreinsloger","91"
"Bremen Neuenkirchener Weg","91"
"Bremen Am Geestkamp","91"
"Bremen Bahnhof Blumenthal","91"
"Bremen Fähre Blumenthal","91"
"Bremen Bahnhof Schönebeck","91"
"Bremen Stehnckenshoff","91"
"Bremen Hüttenhafen","91"
"Bremen-Lesum Kirche","91"
"Bremen Riedemannstraße","91"
"Bremen Buschdeel/Wendeplatz","91"
"Bremen Köhlhorster Straße","91"
"Bremen An der Lehmkuhle","91"
"Bremen Gerhard-Rohlfs-Straße","91"
"Bremen Finkenschlag","91"
"Bremen Bremer Vulkan","91"
"Bremen Am Fillerkamp","91"
"Bremen Gröpelingen","91"
"Bremen Stahlwerk Tor 1","91"
"Bremen Zum Donaufleet","91"
"Bremen Stader Landstraße","91"
"Bremen Togostraße","91"
"Bremen Tannenhof","91"
"Bremen Bahnhof Turnerstraße","91"
"Bremen Vorberger Straße","91"
"Bremen Seefahrtstraße","91"
"Bremen Rönnebecker Straße","92"
"Bremen Eggestedter Straße","92"
"Bremen Oslebshauser Landstraße","92"
"Bremen Am Geestkamp","92"
"Bremen Bahnhof Blumenthal","92"
"Bremen Bremer Vulkan","92"
"Bremen Gustav-Heinemann-Bürgerhaus","92"
"Bremen-Burg(Bus)","92"
"Bremen Fährgrund","92"
"Bremen Wätjens Park","92"
"Bremen Bahnhof Turnerstraße","92"
"Bremen Bahnhof Schönebeck","92"
"Bremen Riedemannstraße","92"
"Bremen Gerhard-Rohlfs-Straße","92"
"Bremen Vorberger Straße","92"
"Bremen Burger Dorfstraße","92"
"Bremen Zum Donaufleet","92"
"Bremen Bahnhof Kreinsloger","92"
"Bremen Vereinsstraße","92"
"Bremen Gröpelingen","92"
"Bremen Auf dem Krümpel","92"
"Bremen Burgdammer Postweg","92"
"Bremen Goldbergplatz","92"
"Bremen Am Heidbergstift","92"
"Bremen Margaretenallee","92"
"Bremen Ermlandstraße","92"
"Bremen Holthorster Weg","92"
"Bremen-Blumenthal Markt","92"
"Bremen Stahlwerk Tor 1","92"
"Bremen Am Fillerkamp","92"
"Bremen Hüttenhafen","92"
"Bremen Bahnhof Vegesack","92"
"Bremen An Smidts Park","92"
"Bremen Tannenhof","92"
"Bremen Köhlhorster Straße","92"
"Bremen Lesum Park","92"
"Bremen Auf den Delben","92"
"Bremen Buschdeel/Wendeplatz","92"
"Bremen Rotdornallee","92"
"Bremen Neuenkirchener Weg","92"
"Bremen Am Bahnhof St. Magnus","92"
"Bremen An der Lehmkuhle","92"
"Bremen Togostraße","92"
"Bremen Fähre Blumenthal","92"
"Bremen Stader Landstraße","92"
"Bremen Marßel","93"
"Bremen Burgdammer Ring","93"
"Bremen DIAKO Bremen","93"
"Bremen Stockholmer Straße","93"
"Bremen Mittelsbürener Landstraße","93"
"Bremen Beckers Barg","93"
"Bremen Am Fuchsberg","93"
"Bremen Helsingborger Straße","93"
"Bremen Karl-Bröger-Straße","93"
"Bremen Am Geestkamp","93"
"Bremen Ritterhuder Heerstraße","93"
"Bremen Von-Ossietzky-Straße","93"
"Bremen Stader Landstraße","93"
"Bremen Gröpelingen","93"
"Bremen Upsalastraße","93"
"Bremen Dohlenstraße","93"
"Bremen An Smidts Park","93"
"Bremen-Burg(Bus)","93"
"Bremen Burger Dorfstraße","93"
"Schwanewede Zum Marktplatz","94"
"Bremen Upsalastraße","94"
"Bremen Beckers Barg","94"
"Schwanewede Landhaus Schwanewede","94"
"Bremen Knoops Park","94"
"Bremen Richthofenstraße","94"
"Bremen Stockholmer Straße","94"
"Schwanewede Insterburger Weg","94"
"Bremen Rastenburger Straße","94"
"Bremen Bf Klinikum Bremen-Nord","94"
"Bremen Auf dem Pasch","94"
"Bremen Margaretenallee","94"
"Bremen Am Kapellenberg","94"
"Bremen Hegeweg","94"
"Schwanewede Dreienkamp","94"
"Bremen Steenkuhlenweg","94"
"Bremen Vereinsstraße","94"
"Bremen Finkenschlag","94"
"Bremen Seefahrtstraße","94"
"Schwanewede Molkereiweg","94"
"Bremen-Burg(Bus)","94"
"Bremen Stehnckenshoff","94"
"Bremen-Lesum Kirche","94"
"Bremen Gustav-Heinemann-Bürgerhaus","94"
"Schwanewede Eichengrund","94"
"Bremen Bremer Vulkan","94"
"Bremen Helsingborger Straße","94"
"Schwanewede Am Markt","94"
"Bremen Grohn-Markt","94"
"Bremen Landrat-Berthold-Straße","94"
"Bremen Aumunder Heide","94"
"Bremen Bockhorner Weg","94"
"Bremen Burgdammer Ring","94"
"Bremen Stader Landstraße","94"
"Bremen Gerhard-Rohlfs-Straße","94"
"Schwanewede Schützenweg","94"
"Bremen Wätjens Park","94"
"Schwanewede Hospitalstraße","94"
"Bremen Schönebecker Straße","94"
"Bremen Taunusstraße","94"
"Bremen Martin-Luther-Straße","94"
"Schwanewede Am Spreeken","94"
"Bremen Bahnhof Blumenthal","94"
"nan","94"
"Bremen Ringofenstraße","94"
"Bremen Bahnhof Vegesack","94"
"Bremen Marßel","94"
"Bremen Fährgrund","94"
"Bremen Hohenbuchener Straße","94"
"Bremen Betriebshof Blumenthal","95"
"Bremen Köhlhorster Straße","95"
"Bremen Löhstraße","95"
"Bremen Bf Klinikum Bremen-Nord","95"
"Bremen Bahnhof Aumund","95"
"Bremen Eggestedter Straße","95"
"Bremen Vorberger Straße","95"
"Bremen Fährer Kämpe","95"
"Bremen Bahnhof Blumenthal","95"
"Bremen Wasserturm","95"
"Bremen Gerhard-Rohlfs-Straße","95"
"Bremen Besanstraße","95"
"Bremen Neuenkirchener Weg","95"
"Bremen Blumenhorster Straße","95"
"Bremen Hakenwehrstraße","95"
"Bremen Gustav-Heinemann-Bürgerhaus","95"
"Bremen Aumunder Heide","95"
"Bremen Fresenbergstraße","95"
"Bremen Bahnhof Vegesack","95"
"Bremen An der Lehmkuhle","95"
"Bremen An der Lehmkuhle","96"
"Bremen Wasserturm","96"
"Bremen Hakenwehrstraße","96"
"Bremen Am Fillerkamp","96"
"Bremen Neuenkirchener Weg","96"
"Bremen Eggestedter Straße","96"
"Bremen Bahnhof Blumenthal","96"
"Bremen Ermlandstraße","96"
"Bremen Besanstraße","96"
"Bremen Betriebshof Blumenthal","96"
"Bremen Fresenbergstraße","96"
"Bremen Vorberger Straße","96"
"Bremen Köhlhorster Straße","96"
"Bremen Ziegeleiweg","98"
"Bremen Ascherfeld","98"
"Bremen Machandelweg","98"
"Bremen Bahnhof Vegesack","98"
"Bremen Aumunder Kirche","98"
"Bremen Martinsheide","98"
"Bremen Kaspar-Ohm-Straße","98"
"Bremen Dobbheide","98"
"Bremen Gerhard-Rohlfs-Straße","98"
"Bremen Borchsholt","98"
"Bremen Herbartstraße","98"
"Bremen Vorlöhnhorster Weg","98"
"Bremen Rembertistraße","E"
"Bremen Wilhelm-Kaisen-Brücke","E"
"Bremen Westerstraße","E"
"Bremen Am Wall","E"
"Bremen Domsheide","E"
"Bremen Am Brill (Bgm.-Smidt-Straße)","E"
"Bremen Hauptbahnhof","E"
"Bremen Am Neuen Markt","E"
"Bremen Duckwitzstraße","N1"
"Bremen Neuenlander Straße","N1"
"Bremen Hochschule Bremen","N1"
"Bremen Gastfeldstraße","N1"
"Bremen Kurt-Huber-Straße","N1"
"Bremen Solinger Straße","N1"
"Bremen Roland-Center","N1"
"Bremen Engadiner Straße","N1"
"Bremen Dietrich-Bonhoeffer-Straße","N1"
"Bremen Osterholzer Landstraße","N1"
"Bremen Carl-Goerdeler-Straße","N1"
"Bremen Wilhelm-Leuschner-Straße","N1"
"Bremen Mülheimer Straße","N1"
"Bremen Kirchbachstraße","N1"
"Bremen Kurfürstenallee","N1"
"Bremen Teneverstraße","N1"
"Bremen Neuwieder Straße","N1"
"Bremen Rembertistraße","N1"
"Bremen Norderländer Straße","N1"
"Bremen St. Joseph-Stift","N1"
"Bremen Julius-Brecht-Allee","N1"
"Bremen Wilhelm-Kaisen-Brücke","N1"
"Bremen Schleiermacherstraße","N1"
"Bremen Bardenflethstraße","N1"
"Bremen Ellenerbrokstraße","N1"
"Bremen Schüsselkorb","N1"
"Bremen Weserpark-Süd","N1"
"Bremen Schweizer Eck","N1"
"Bremen Düsseldorfer Straße","N1"
"Bremen Am Dobben","N1"
"Bremen Werner-Steenken-Straße","N1"
"Bremen Domsheide","N1"
"Bremen Westerstraße","N1"
"Bremen Erkelenzer Straße","N1"
"Bremen Berliner Freiheit","N1"
"Bremen Polizeipräsidium","N1"
"Bremen Barbarossastraße","N1"
"Bremen Weserpark","N1"
"Bremen Am Brill (Bgm.-Smidt-Straße)","N1"
"Bremen Hauptbahnhof","N1"
"Bremen Herdentor","N1"
"Bremen Bf Mahndorf","N1"
"Bremen Theater am Leibnizplatz","N1"
"Bremen Pappelstraße","N1"
"Bremen Parkstraße","N1"
"Bremen Metzer Straße","N1"
"Bremen Tenever-Zentrum","N1"
"Bremen Graubündener Straße","N1"
"Bremen BSAG-Zentrum","N1"
"Bremen Am Wall","N1"
"Bremen Hollerallee","N1"
"Bremen Nußhorn","N1"
"Bremen Ludwig-Quidde-Straße","N10"
"Bremen Gröpelingen","N10"
"Bremen Moorstraße","N10"
"Bremen Doventorsteinweg","N10"
"Bremen Föhrenstraße","N10"
"Bremen Rembertistraße","N10"
"Bremen Hauptbahnhof","N10"
"Bremen Bei den Drei Pfählen","N10"
"Bremen Wartburgstraße","N10"
"Bremen Utbremer Straße","N10"
"Bremen Lindenhofstraße","N10"
"Bremen Sebaldsbrück (Bus+Tram)","N10"
"Bremen St.-Jürgen-Straße","N10"
"Bremen Humboldtstraße","N10"
"Bremen Sielwall","N10"
"Bremen Hansestraße","N10"
"Bremen Bahnhof Sebaldsbrück","N10"
"Bremen Altenescher Straße","N10"
"Bremen Waller Friedhof","N10"
"Bremen Daniel-von-Büren-Straße","N10"
"Bremen Trinidadstraße","N10"
"Bremen Malerstraße","N10"
"Bremen Haferkamp","N10"
"Bremen Am Dobben","N10"
"Bremen Bennigsenstraße","N10"
"Bremen Gustavstraße","N10"
"Bremen Schloßparkstraße","N10"
"Bremen Waller Straße","N10"
"Bremen Am Hulsberg","N10"
"Bremen Falkenstraße","N10"
"Bremen Bahnhof Walle","N10"
"Bremen Brunnenstraße","N10"
"Bremen Rechtenflether Straße","N3"
"Bremen Woltmershauser Friedhof","N3"
"Bremen Am Heiddamm","N3"
"Bremen Hauptbahnhof","N3"
"Bremen Modersohnweg","N3"
"Bremen Oewerweg","N3"
"Bremen Bulthauptstraße","N3"
"Bremen Am Stern","N3"
"Bremen Beim Kleinen Tagwerk","N3"
"Bremen Schorf","N3"
"Bremen Wildeshauser Straße","N3"
"Bremen Schevemoorer Landstraße","N3"
"Bremen Lachmundsdamm","N3"
"Bremen Hauptbahnhof-Nord/Messe","N3"
"Bremen Klinikum Bremen-Ost","N3"
"Bremen Am Hallacker","N3"
"Bremen Am Großen Kuhkamp","N3"
"Bremen Lise-Meitner-Straße","N3"
"Bremen Schweizer Eck","N3"
"Bremen Apfelallee","N3"
"Bremen Bahnhof Neustadt","N3"
"Bremen Am Neuen Markt","N3"
"Bremen Vorstraße","N3"
"Bremen Rablinghausen","N3"
"Bremen Wilhelm-Kaisen-Brücke","N3"
"Bremen Akazienstraße","N3"
"Bremen Bakeweg","N3"
"Bremen Bahnhof Oberneuland","N3"
"Bremen Beim Bohnenhof","N3"
"Bremen Emmastraße/Bürgerpark","N3"
"Bremen Horner Mühle","N3"
"Bremen Simon-Hermann-Post-Weg","N3"
"Bremen Crüsemannallee","N3"
"Bremen Berufsbildungswerk","N3"
"Bremen Universität-Süd","N3"
"Bremen Brahmsstraße","N3"
"Bremen Westerstraße","N3"
"Bremen Poggenburg","N3"
"Bremen Hohentorsplatz","N3"
"Bremen Egestorff-Stiftung","N3"
"Bremen Rockwinkeler Heerstraße","N3"
"Bremen Bf Mahndorf","N3"
"Bremen Munte","N3"
"Bremen Am Siek","N3"
"Bremen Mühlenfeldstraße","N3"
"Bremen Huder Straße","N3"
"Bremen Heinz-Hinners-Platz","N3"
"Bremen Domsheide","N3"
"Bremen Schüsselkorb","N3"
"Bremen Am Hahnenkamp","N3"
"Bremen Herdentor","N3"
"Bremen Wiener Straße","N3"
"Bremen Helmer","N3"
"Bremen Osterholzer Landstraße","N3"
"Bremen Heiligenbergstraße","N3"
"Bremen Stromer Straße","N3"
"Bremen Busestraße/Bürgerpark","N3"
"Bremen Dötlinger Straße","N3"
"Bremen Parkallee","N3"
"Bremen Roccoweg","N3"
"Bremen Osterholzer Möhlendamm","N3"
"Bremen Wilhelm-Röntgen-Straße","N3"
"Lilienthal Auf dem Kamp","N4"
"Bremen Polizeipräsidium","N4"
"Lilienthal Kutscher Behrens","N4"
"Bremen Daniel-Jacobs-Allee","N4"
"Bremen BSAG-Zentrum","N4"
"Bremen Schüsselkorb","N4"
"Bremen Heukämpendamm","N4"
"Bremen Huckelriede","N4"
"Bremen Borgfeld","N4"
"Bremen Berliner Freiheit","N4"
"Bremen Theater am Leibnizplatz","N4"
"Bremen Kattenturm-Mitte","N4"
"Bremen Kurt-Huber-Straße","N4"
"Bremen Schwankhalle","N4"
"Bremen Am Lehester Deich","N4"
"Bremen Hollerallee","N4"
"Bremen Rosenpfad","N4"
"Lilienthal Moorhauser Landstraße","N4"
"Bremen Kirchbachstraße","N4"
"Bremen Robert-Koch-Straße","N4"
"Bremen Julius-Brecht-Allee","N4"
"Lilienthal Schoofmoor","N4"
"Bremen Twiedelftsweg","N4"
"Bremen Vorstraße","N4"
"Bremen Werner-von-Siemens-Straße","N4"
"Bremen St. Joseph-Stift","N4"
"Bremen Domsheide","N4"
"Bremen Barbarossastraße","N4"
"Lilienthal","N4"
"Bremen Focke-Museum","N4"
"Lilienthal Truperdeich","N4"
"Bremen Hauptbahnhof","N4"
"Bremen Am Dammacker","N4"
"Bremen Arsten","N4"
"Bremen Metzer Straße","N4"
"Bremen Bürgermeister-Spitta-Allee","N4"
"Bremen Parkstraße","N4"
"Bremen Höger Weg","N4"
"Bremen Rembertistraße","N4"
"Bremen Klinikum Links der Weser","N4"
"Lilienthal Lilienthal-Mitte","N4"
"Bremen Herdentor","N4"
"Bremen Wilhelm-Leuschner-Straße","N4"
"Bremen Horner Mühle","N4"
"Bremen Am Dobben","N4"
"Bremen Schleiermacherstraße","N4"
"Bremen Carl-Goerdeler-Straße","N4"
"Lilienthal Feldhäuser Straße","N4"
"Bremen Kurfürstenallee","N4"
"Bremen Wilhelm-Kaisen-Brücke","N4"
"Bremen Peter-Henlein-Straße","N4"
"Bremen Kopernikusstraße","N4"
"Bremen Friedhofstraße","N4"
"Bremen Dietrich-Bonhoeffer-Straße","N4"
"Bremen Gastfeldstraße","N4"
"Lilienthal Trupe","N4"
"Bremen Kirchweg","N4"
"Bremen Sielhof","N4"
"Bremen Rotes-Kreuz-Krankenhaus","N4"
"nan","N4"
"Bremen Horn (Horner Kirche)","N4"
"Bremen Rennplatz","N5"
"Bremen Saarstraße","N5"
"Bremen Wilseder-Berg-Straße","N5"
"Bremen Friedrich-Karl-Straße","N5"
"Bremen Steubenstraße","N5"
"Bremen Nauheimer Straße","N5"
"Bremen Klinikum Bremen-Mitte","N5"
"Bremen Dobbenweg","N5"
"Bremen Stellichter Straße","N5"
"Bremen Wilhelm-Busch-Weg","N5"
"Bremen Im Holter Feld","N5"
"Bremen Christernstraße","N5"
"Bremen Georg-Gries-Straße","N5"
"Bremen Herdentor","N5"
"Bremen Sebaldsbrück (Bus+Tram)","N5"
"Bremen Domsheide","N5"
"Bremen Osterholzer Friedhof","N5"
"Bremen Eppenhainer Straße","N5"
"Bremen Müdener Straße","N5"
"Bremen Belmerstraße","N5"
"Bremen Kluvenhagener Straße","N5"
"Bremen Stresemannstraße","N5"
"Bremen Julius-Brecht-Allee","N5"
"Bremen Hauptbahnhof","N5"
"Bremen Schüsselkorb","N5"
"Bremen Marschstraße","N5"
"Bremen Hermann-Osterloh-Straße","N5"
"Bremen Hermann-Koenen-Straße","N5"
"Bremen Rembertistraße","N5"
"Bremen Colshornstraße","N5"
"Bremen Osterhop","N5"
"Bremen Heisiusstraße","N5"
"Bremen Stackkamp","N5"
"Bremen Stader Straße/Bismarckstraße","N5"
"Bremen Mercedes-Benz Tor 7","N5"
"Bremen Süntelstraße","N5"
"Bremen Sollingstraße","N5"
"Bremen Bf Mahndorf","N5"
"Bremen Schlengstraße","N5"
"Bremen Ruppertshainer Straße","N5"
"Bremen Mercedes-Benz Tor 8","N5"
"Bremen Brünsweg","N5"
"Bremen Hohenhorster Weg","N6"
"Bremen Willakedamm","N6"
"Bremen Am Sodenmatt","N6"
"Bremen Roland-Center","N6"
"Bremen Brüsseler Straße","N6"
"Bremen Delfter Straße","N6"
"Bremen Zum Huchtinger Bahnhof","N6"
"Bremen Rotterdamer Straße","N6"
"Bremen Obervielander Straße","N6"
"Bremen Harriersand","N6"
"Bremen Flämische Straße","N6"
"Bremen Hohenesch","N7"
"Bremen Wätjens Park","N7"
"Bremen Gröpelingen","N7"
"Bremen Auf dem Krümpel","N7"
"Bremen Bahnhof Blumenthal","N7"
"Bremen Dillener Park","N7"
"Bremen De Kreienbarg","N7"
"Bremen Hanfstraße","N7"
"nan","N7"
"Bremen Stockholmer Straße","N7"
"Neuenkirchen(Schwanewede) Vorbruch","N7"
"Bremen Rekumer Siel","N7"
"Bremen Wasserweg","N7"
"Bremen Hemmstraße","N7"
"Bremen Helsingborger Straße","N7"
"Bremen Bahnhof Schönebeck","N7"
"Bremen Zum Kränholm","N7"
"Bremen Tannenhof","N7"
"Bremen Holsteiner Straße","N7"
"Bremen Eggestedter Straße","N7"
"Bremen Am Geestkamp","N7"
"Bremen Marßel","N7"
"Bremen Wasserturm","N7"
"Bremen An Smidts Park","N7"
"Bremen Karl-Bröger-Straße","N7"
"Bremen Burger Dorfstraße","N7"
"Neuenkirchen(Schwanewede) Marktplatz","N7"
"Bremen Am Heidbergstift","N7"
"Bremen Hakenwehrstraße","N7"
"Bremen Fähre Farge","N7"
"Bremen Grasberger Straße","N7"
"Bremen Von-Ossietzky-Straße","N7"
"Bremen Waterfront (Use Akschen)","N7"
"Bremen Vor den Wischen","N7"
"Bremen Besanstraße","N7"
"Bremen Burgdammer Ring","N7"
"Bremen Bahnhof Kreinsloger","N7"
"Bremen Betonstraße","N7"
"Bremen An der Amtsweide","N7"
"Bremen Bahnhof Walle","N7"
"Bremen Eickedorfer Straße","N7"
"Bremen Am Bahnhof St. Magnus","N7"
"Bremen Stader Landstraße","N7"
"Bremen Vereinsstraße","N7"
"Bremen Rönnebecker Straße","N7"
"Bremen Wilhelm-Brandhorst-Straße","N7"
"Bremen Hauptbahnhof-Nord/Messe","N7"
"Bremen Bahnhof Farge","N7"
"Bremen Mittelsbürener Landstraße","N7"
"Neuenkirchen(Schwanewede) Ahnten","N7"
"Bremen Margaretenallee","N7"
"Bremen Utbremer Ring","N7"
"Bremen Fährgrund","N7"
"Bremen Waller Ring","N7"
"Bremen Emder Straße","N7"
"Bremen Fresenbergstraße","N7"
"Bremen Lange Reihe","N7"
"Bremen Gerhard-Rohlfs-Straße","N7"
"Bremen Am Fuchsberg","N7"
"Bremen Bahnhof Vegesack","N7"
"Bremen Ritterhuder Heerstraße","N7"
"Bremen Sandkuhlenweg","N7"
"Bremen Bremer Vulkan","N7"
"Bremen Burgdammer Postweg","N7"
"Bremen Bürgerpark","N7"
"Bremen Rotdornallee","N7"
"Bremen Betriebshof Blumenthal","N7"
"Bremen DIAKO Bremen","N7"
"Bremen Gustav-Heinemann-Bürgerhaus","N7"
"Bremen Buschdeel","N7"
"Neuenkirchen(Schwanewede) Landwehr","N7"
"Bremen Findorffallee","N7"
"Bremen Dohlenstraße","N7"
"Bremen Beckers Barg","N7"
"Bremen Dithmarscher Freiheit","N7"
"Bremen Holthorster Weg","N7"
"Bremen Hauptbahnhof","N7"
"Bremen-Burg(Bus)","N7"
"Bremen Bahnhof Lesum","N7"
"Bremen Moorstücke","N7"
"Bremen Fürther Straße","N7"
"Bremen Senator-Theil-Straße","N9"
"Bremen Arster Kirche","N9"
"Bremen Delmestraße","N9"
"Bremen August-Hinrichs-Straße","N9"
"Bremen Gottfried-Menken-Straße","N9"
"Bremen Kirchbachstraße","N9"
"Bremen Arsterdamm","N9"
"Bremen Huckelriede","N9"
"Bremen Brenningstraße","N9"
"Bremen Staustraße","N9"
"Bremen Gemeinschaftszentrum Obervieland","N9"
"Bremen In der Laake","N9"
"Bremen Habenhauser Brückenstraße","N9"
"Bremen Hermann-Helms-Straße","N9"
"Bremen Alfred-Faust-Straße","N9"
"Bremen Brandenburger Straße","N9"
"Bremen Willigstraße","N9"
"Bremen Neue Vahr Nord","N9"
"Bremen Schlehenweg","N9"
"Bremen Friedrich-Stampfer-Straße","N9"
"Bremen Loignystraße","N9"
"Bremen Kattenturm-Mitte","N9"
"Bremen Verdunstraße","N9"
"Bremen Kattenescher Weg","N9"
"Bremen August-Bebel-Allee","N9"
"Bremen St. Joseph-Stift","N9"
"Bremen Pappelstraße","N9"
"Bremen Piependamm","N9"
"Bremen Westerstraße","N9"
"Bremen Philipp-Scheidemann-Straße","N9"
"Bremen Otto-Braun-Straße","N9"
"Bremen Krimpelweg","N9"
"Bremen Wolfskuhlenweg","N9"
"Bremen Morsumer Straße","N9"
"Bremen Friedhof Huckelriede","N9"
"Bremen Arster Landstraße","N9"
"Bremen Hauptbahnhof-Nord/Messe","N9"
"Bremen Fontanestraße","N9"
"Bremen Carsten-Dreßler-Straße","N9"
"Bremen Hochschule Bremen","N9"
"Bremen Martin-Buber-Straße","N9"
"Bremen Stenumer Straße","N9"
"Bremen Friedrich-Engels-Straße","N9"
"Bremen Meyerstraße","N9"
"Bremen Heinrich-Hertz-Straße","N9"
"Bremen Kurfürstenallee","N9"
"Bremen Am Brill (Bgm.-Smidt-Straße)","N9"
"Bremen Am Wall","N9"
"Bremen Soester Straße","N9"
"Bremen Gastfeldstraße","N9"
"Bremen Am Stern","N9"
"Bremen Pfarrfeldsweg","N9"
"Bremen Fellendsweg","N9"
"Bremen Helene-Lange-Straße","N9"
"Bremen Hauptbahnhof","N9"
